{"06": {"13": 27.239567128759457, "14": 26.71981234014405, "15": 27.551867177790296, "16": 28.23497832252778, "17": 29.435818033544916, "18": 29.109491253954957, "19": 29.568695941983904, "20": 29.59702188703899, "21": 29.75003139274494, "22": 29.46965216443828, "23": 28.56686663859432, "24": 27.892772398063414, "25": 28.175496267391747, "26": 27.54808031036023, "27": 26.870101497621086, "28": 26.193354756575545, "29": 26.580982807592804, "30": 26.355222672309917}, "08": {"10": 29.48068550527942, "11": 29.325783323054402, "12": 29.260201565810526, "13": 30.25028630047385, "14": 29.919983433651268, "15": 29.593269057169582, "16": 29.915050708976747, "17": 29.08990909287579, "18": 27.98261718877828, "19": 28.328390606316997, "20": 28.885709914542474, "21": 28.710402651996603, "22": 28.33795255463979, "23": 28.545074984418463, "24": 28.95334950467012, "25": 29.2248516085143, "26": 28.96954802939727, "27": 28.707018382974997, "28": 28.751882133968667, "29": 28.713925661621506, "30": 28.156393002975747, "31": 27.665161250706433}, "09": {"10": 26.776276418239604, "11": 26.843361412995982, "12": 27.01333976601906, "13": 27.463493877298838, "14": 27.60388083977061, "15": 27.092679729740308, "16": 26.506176650629087, "17": 25.787285082600366, "18": 25.819362721796395, "19": 25.536411153162412, "20": 25.346045497931645, "21": 25.033395121857215, "22": 24.901748558615193, "23": 24.728309456935975, "24": 25.17740454527687, "25": 24.786162990299488, "26": 24.540179517687, "27": 24.116641319696715, "28": 23.93529120538466, "29": 23.725236536129977, "30": 23.29831150521248}}