{"2022": {"06": 28.047767388413146, "08": 28.943974839218786, "09": 25.525285424156188}}